Date,Actual,Auto_ARIMA_Prediction
2024-05-30,3736.10009765625,3805.2210548792254
2024-05-31,3670.949951171875,3806.792207414701
2024-06-03,3702.85009765625,3808.3633599501763
2024-06-04,3715.0,3809.934512485652
2024-06-05,3746.449951171875,3811.5056650211272
2024-06-06,3830.39990234375,3813.0768175566027
2024-06-07,3893.949951171875,3814.647970092078
2024-06-10,3858.699951171875,3816.2191226275536
2024-06-11,3852.10009765625,3817.790275163029
2024-06-12,3831.64990234375,3819.3614276985045
2024-06-13,3878.14990234375,3820.93258023398
2024-06-14,3832.050048828125,3822.5037327694554
2024-06-18,3815.10009765625,3824.074885304931
2024-06-19,3801.699951171875,3825.6460378404063
2024-06-20,3787.25,3827.2171903758817
2024-06-21,3810.75,3828.788342911357
2024-06-24,3816.800048828125,3830.3594954468326
2024-06-25,3838.449951171875,3831.930647982308
2024-06-26,3855.85009765625,3833.5018005177835
2024-06-27,3934.14990234375,3835.072953053259
2024-06-28,3904.14990234375,3836.6441055887344
2024-07-01,3978.199951171875,3838.21525812421
2024-07-02,4017.39990234375,3839.7864106596853
2024-07-03,3965.25,3841.3575631951608
2024-07-04,4020.949951171875,3842.928715730636
2024-07-05,4011.800048828125,3844.4998682661117
2024-07-08,3993.199951171875,3846.071020801587
2024-07-09,3985.5,3847.6421733370626
2024-07-10,3909.14990234375,3849.213325872538
2024-07-11,3923.699951171875,3850.7844784080135
2024-07-12,4183.9501953125,3852.355630943489
2024-07-15,4169.2001953125,3853.9267834789644
2024-07-16,4178.4501953125,3855.49793601444
2024-07-18,4315.5498046875,3857.0690885499153
2024-07-19,4302.39990234375,3858.6402410853907
2024-07-22,4287.35009765625,3860.211393620866
2024-07-23,4302.35009765625,3861.7825461563416
2024-07-24,4306.25,3863.353698691817
2024-07-25,4322.5,3864.9248512272925
2024-07-26,4387.85009765625,3866.496003762768
2024-07-29,4381.10009765625,3868.0671562982434
2024-07-30,4365.35009765625,3869.638308833719
2024-07-31,4385.35009765625,3871.2094613691943
2024-08-01,4397.10009765625,3872.7806139046697
2024-08-02,4283.0498046875,3874.351766440145
2024-08-05,4155.0498046875,3875.9229189756206
2024-08-06,4171.2001953125,3877.494071511096
2024-08-07,4200.4501953125,3879.0652240465715
2024-08-08,4172.5498046875,3880.636376582047
2024-08-09,4228.75,3882.2075291175224
2024-08-12,4195.64990234375,3883.778681652998
2024-08-13,4196.9501953125,3885.3498341884733
2024-08-14,4295.25,3886.9209867239488
2024-08-16,4416.0498046875,3888.492139259424
2024-08-19,4490.0,3890.0632917948997
2024-08-20,4523.2998046875,3891.634444330375
2024-08-21,4551.5,3893.2055968658506
2024-08-22,4502.0,3894.776749401326
2024-08-23,4463.89990234375,3896.3479019368015
2024-08-26,4502.4501953125,3897.919054472277
2024-08-27,4497.14990234375,3899.4902070077524
2024-08-28,4506.0498046875,3901.061359543228
2024-08-29,4511.7998046875,3902.6325120787033
2024-08-30,4553.75,3904.2036646141787
2024-09-02,4521.0498046875,3905.774817149654
2024-09-03,4512.35009765625,3907.3459696851296
2024-09-04,4479.25,3908.917122220605
2024-09-05,4475.9501953125,3910.4882747560805
2024-09-06,4456.75,3912.059427291556
2024-09-09,4449.5498046875,3913.6305798270314
2024-09-10,4507.85009765625,3915.201732362507
2024-09-11,4479.35009765625,3916.7728848979823
2024-09-12,4517.7001953125,3918.3440374334577
2024-09-13,4522.60009765625,3919.915189968933
2024-09-16,4513.25,3921.4863425044086
2024-09-17,4505.64990234375,3923.057495039884
2024-09-18,4346.14990234375,3924.6286475753595
2024-09-19,4296.14990234375,3926.199800110835
2024-09-20,4284.89990234375,3927.7709526463104
2024-09-23,4268.5,3929.342105181786
2024-09-24,4271.2998046875,3930.9132577172613
2024-09-25,4274.75,3932.484410252737
2024-09-26,4292.5,3934.0555627882122
2024-09-27,4308.7001953125,3935.6267153236877
2024-09-30,4268.5,3937.197867859163
2024-10-01,4287.89990234375,3938.7690203946386
2024-10-03,4232.75,3940.340172930114
2024-10-04,4252.25,3941.9113254655895
2024-10-07,4272.85009765625,3943.482478001065
2024-10-08,4253.25,3945.0536305365404
2024-10-09,4252.9501953125,3946.624783072016
2024-10-10,4227.39990234375,3948.1959356074913
2024-10-11,4149.2001953125,3949.7670881429667
2024-10-14,4136.64990234375,3951.338240678442
2024-10-15,4116.7998046875,3952.9093932139176
2024-10-16,4094.949951171875,3954.480545749393
2024-10-17,4109.0,3956.0516982848685
2024-10-18,4123.0498046875,3957.622850820344
2024-10-21,4079.85009765625,3959.1940033558194
2024-10-22,4015.5,3960.765155891295
2024-10-23,4066.25,3962.3363084267703
2024-10-24,4047.89990234375,3963.9074609622458
2024-10-25,4057.550048828125,3965.478613497721
2024-10-28,4090.85009765625,3967.0497660331966
2024-10-29,4075.25,3968.620918568672
2024-10-30,4084.64990234375,3970.1920711041475
2024-10-31,3968.449951171875,3971.763223639623
2024-11-01,3984.199951171875,3973.3343761750984
2024-11-04,3964.14990234375,3974.905528710574
2024-11-05,3971.35009765625,3976.4766812460493
2024-11-06,4139.64990234375,3978.047833781525
2024-11-07,4150.89990234375,3979.6189863170002
2024-11-08,4147.0,3981.1901388524757
2024-11-11,4198.7001953125,3982.761291387951
2024-11-12,4197.39990234375,3984.3324439234266
2024-11-13,4150.35009765625,3985.903596458902
2024-11-14,4145.89990234375,3987.4747489943775
2024-11-18,4019.5,3989.045901529853
2024-11-19,4039.550048828125,3990.6170540653284
2024-11-21,4072.85009765625,3992.188206600804
2024-11-22,4244.60009765625,3993.7593591362793
2024-11-25,4315.10009765625,3995.3305116717547
2024-11-26,4352.7001953125,3996.90166420723
2024-11-27,4332.5498046875,3998.4728167427056
2024-11-28,4244.89990234375,4000.043969278181
2024-11-29,4270.85009765625,4001.6151218136565
2024-12-02,4276.64990234375,4003.186274349132
2024-12-03,4302.75,4004.7574268846074
2024-12-04,4354.39990234375,4006.328579420083
2024-12-05,4464.0498046875,4007.8997319555583
2024-12-06,4445.5,4009.4708844910338
2024-12-09,4452.14990234375,4011.042037026509
2024-12-10,4432.5498046875,4012.6131895619847
2024-12-11,4427.4501953125,4014.18434209746
2024-12-12,4454.9501953125,4015.7554946329356
2024-12-13,4473.89990234375,4017.326647168411
2024-12-16,4415.2001953125,4018.8977997038864
2024-12-17,4328.5,4020.468952239362
2024-12-18,4347.85009765625,4022.0401047748373
2024-12-19,4271.89990234375,4023.611257310313
2024-12-20,4170.2998046875,4025.1824098457882
2024-12-23,4158.2998046875,4026.7535623812637
2024-12-24,4179.5,4028.324714916739
2024-12-26,4169.10009765625,4029.8958674522146
2024-12-27,4164.85009765625,4031.46701998769
2024-12-30,4158.7998046875,4033.0381725231655
2024-12-31,4094.800048828125,4034.609325058641
2025-01-01,4112.4501953125,4036.1804775941164
2025-01-02,4175.75,4037.751630129592
2025-01-03,4099.89990234375,4039.3227826650673
2025-01-06,4095.0,4040.8939352005427
2025-01-07,4028.300048828125,4042.465087736018
2025-01-08,4108.39990234375,4044.0362402714936
2025-01-09,4038.85009765625,4045.607392806969
2025-01-10,4265.64990234375,4047.1785453424445
2025-01-13,4291.10009765625,4048.74969787792
2025-01-14,4233.0498046875,4050.3208504133954
2025-01-15,4249.60009765625,4051.892002948871
2025-01-16,4206.2998046875,4053.4631554843463
2025-01-17,4124.2998046875,4055.0343080198218
2025-01-20,4077.800048828125,4056.605460555297
2025-01-21,4035.85009765625,4058.1766130907727
2025-01-22,4156.60009765625,4059.747765626248
2025-01-23,4145.4501953125,4061.3189181617236
2025-01-24,4152.35009765625,4062.890070697199
2025-01-27,4065.14990234375,4064.4612232326745
2025-01-28,4040.300048828125,4066.03237576815
2025-01-29,4099.7998046875,4067.6035283036254
2025-01-30,4100.0498046875,4069.174680839101
2025-01-31,4112.39990234375,4070.7458333745763
2025-02-01,4073.14990234375,4072.3169859100517
2025-02-03,4068.64990234375,4073.888138445527
2025-02-04,4107.0498046875,4075.4592909810026
2025-02-05,4091.10009765625,4077.030443516478
2025-02-06,4082.75,4078.6015960519535
2025-02-07,4029.39990234375,4080.172748587429
2025-02-10,4036.949951171875,4081.7439011229044
2025-02-11,3963.550048828125,4083.31505365838
2025-02-12,3950.14990234375,4084.8862061938553
2025-02-13,3910.14990234375,4086.4573587293307
2025-02-14,3934.85009765625,4088.028511264806
2025-02-17,3904.5,4089.5996638002816
2025-02-18,3873.199951171875,4091.170816335757
2025-02-19,3784.10009765625,4092.7419688712325
2025-02-20,3779.39990234375,4094.313121406708
2025-02-21,3786.0,4095.8842739421834
2025-02-24,3675.60009765625,4097.455426477659
2025-02-25,3629.550048828125,4099.026579013134
2025-02-27,3612.550048828125,4100.59773154861
2025-02-28,3483.25,4102.168884084085
2025-03-03,3493.050048828125,4103.740036619561
2025-03-04,3532.050048828125,4105.311189155036
2025-03-05,3547.050048828125,4106.882341690512
2025-03-06,3601.60009765625,4108.453494225987
2025-03-07,3611.199951171875,4110.0246467614625
2025-03-10,3589.64990234375,4111.595799296938
2025-03-11,3575.300048828125,4113.166951832413
2025-03-12,3506.199951171875,4114.738104367889
2025-03-13,3511.050048828125,4116.309256903364
2025-03-17,3497.699951171875,4117.88040943884
2025-03-18,3497.699951171875,4119.451561974315
2025-03-19,3497.10009765625,4121.022714509791
2025-03-20,3563.14990234375,4122.593867045266
2025-03-21,3578.10009765625,4124.1650195807415
2025-03-24,3628.949951171875,4125.736172116217
2025-03-25,3657.75,4127.307324651692
2025-03-26,3635.800048828125,4128.878477187168
2025-03-27,3651.199951171875,4130.449629722643
2025-03-28,3606.14990234375,4132.020782258119
2025-04-01,3550.800048828125,4133.591934793594
2025-04-02,3543.949951171875,4135.16308732907
2025-04-03,3403.14990234375,4136.734239864545
2025-04-04,3299.39990234375,4138.3053924000205
2025-04-07,3274.050048828125,4139.876544935496
2025-04-08,3292.949951171875,4141.447697470971
2025-04-09,3246.60009765625,4143.018850006447
2025-04-11,3231.5,4144.590002541922
2025-04-15,3248.199951171875,4146.161155077398
2025-04-16,3273.800048828125,4147.732307612873
2025-04-17,3298.89990234375,4149.303460148349
2025-04-21,3321.60009765625,4150.874612683824
2025-04-22,3314.39990234375,4152.4457652193
2025-04-23,3413.0,4154.016917754775
2025-04-24,3401.60009765625,4155.5880702902505
2025-04-25,3448.0,4157.159222825726
2025-04-28,3443.5,4158.730375361201
2025-04-29,3472.5,4160.301527896677
2025-04-30,3453.699951171875,4161.872680432152
2025-05-02,3431.0,4163.443832967628
2025-05-05,3454.300048828125,4165.014985503103
2025-05-06,3460.0,4166.586138038579
2025-05-07,3445.10009765625,4168.157290574054
2025-05-08,3448.89990234375,4169.7284431095295
2025-05-09,3440.300048828125,4171.299595645005
2025-05-12,3620.39990234375,4172.87074818048
2025-05-13,3515.0,4174.441900715956
2025-05-14,3548.699951171875,4176.013053251431
2025-05-15,3579.89990234375,4177.584205786907
2025-05-16,3561.300048828125,4179.155358322382
2025-05-19,3518.800048828125,4180.726510857858
2025-05-20,3498.300048828125,4182.297663393333
2025-05-21,3525.800048828125,4183.8688159288085
2025-05-22,3477.0,4185.439968464284
2025-05-23,3514.60009765625,4187.011120999759
2025-05-26,3537.300048828125,4188.582273535235
2025-05-27,3498.699951171875,4190.15342607071
2025-05-28,3497.699951171875,4191.724578606186
2025-05-29,3498.10009765625,4193.295731141661
2025-05-30,3463.39990234375,4194.866883677137
2025-06-02,3449.800048828125,4196.438036212612
2025-06-03,3405.199951171875,4198.009188748088
2025-06-04,3380.89990234375,4199.580341283563
2025-06-05,3371.10009765625,4201.1514938190385
2025-06-06,3384.199951171875,4202.722646354514
2025-06-09,3421.89990234375,4204.293798889989
2025-06-10,3462.89990234375,4205.864951425465
2025-06-11,3471.89990234375,4207.43610396094
2025-06-12,3434.199951171875,4209.007256496416
2025-06-13,3445.699951171875,4210.578409031891
2025-06-16,3496.300048828125,4212.149561567367
2025-06-17,3515.300048828125,4213.720714102842
2025-06-18,3451.39990234375,4215.2918666383175
2025-06-19,3424.0,4216.863019173793
2025-06-20,3435.699951171875,4218.434171709268
2025-06-23,3393.60009765625,4220.005324244744
2025-06-24,3390.39990234375,4221.576476780219
2025-06-25,3444.800048828125,4223.147629315695
2025-06-26,3441.800048828125,4224.71878185117
2025-06-27,3441.10009765625,4226.289934386646
2025-06-30,3462.0,4227.861086922121
2025-07-01,3429.699951171875,4229.432239457597
2025-07-02,3423.300048828125,4231.003391993072
2025-07-03,3400.800048828125,4232.574544528547
2025-07-04,3419.800048828125,4234.145697064023
2025-07-07,3411.699951171875,4235.716849599498
2025-07-08,3406.199951171875,4237.288002134974
2025-07-09,3383.800048828125,4238.859154670449
2025-07-10,3382.0,4240.430307205925
2025-07-11,3266.0,4242.0014597414
2025-07-14,3222.699951171875,4243.572612276876
2025-07-15,3252.300048828125,4245.143764812351
2025-07-16,3233.10009765625,4246.7149173478265
2025-07-17,3209.199951171875,4248.286069883302
2025-07-18,3189.89990234375,4249.857222418777
2025-07-21,3158.199951171875,4251.428374954253
2025-07-22,3159.60009765625,4252.999527489728
2025-07-23,3179.10009765625,4254.570680025204
2025-07-24,3148.0,4256.141832560679
2025-07-25,3135.800048828125,4257.712985096155
2025-07-28,3079.300048828125,4259.28413763163
2025-07-29,3056.0,4260.8552901671055
2025-07-30,3053.60009765625,4262.426442702581
2025-07-31,3036.800048828125,4263.997595238056
2025-08-01,3003.0,4265.568747773532
2025-08-04,3074.39990234375,4267.139900309007
2025-08-05,3063.89990234375,4268.711052844483
2025-08-06,3032.300048828125,4270.282205379958
2025-08-07,3047.0,4271.853357915434
2025-08-08,3036.39990234375,4273.424510450909
2025-08-11,3040.800048828125,4274.995662986385
2025-08-12,3035.39990234375,4276.56681552186
2025-08-13,3036.199951171875,4278.1379680573355
2025-08-14,3022.300048828125,4279.709120592811
2025-08-18,3011.199951171875,4281.280273128286
2025-08-19,3016.199951171875,4282.851425663762
2025-08-20,3098.60009765625,4284.422578199237
2025-08-21,3102.60009765625,4285.993730734713
2025-08-22,3054.0,4287.564883270188
2025-08-25,3140.60009765625,4289.136035805664
2025-08-26,3157.199951171875,4290.707188341139
2025-08-28,3093.699951171875,4292.2783408766145
2025-08-29,3084.699951171875,4293.84949341209
2025-09-01,3112.60009765625,4295.420645947565
2025-09-02,3111.5,4296.991798483041
2025-09-03,3097.5,4298.562951018516
2025-09-04,3095.699951171875,4300.134103553992
2025-09-05,3048.300048828125,4301.705256089467
2025-09-08,3019.0,4303.276408624943
2025-09-09,3049.39990234375,4304.847561160418
2025-09-10,3110.0,4306.4187136958935
2025-09-11,3124.199951171875,4307.989866231369
2025-09-12,3133.39990234375,4309.561018766844
2025-09-15,3111.89990234375,4311.13217130232
2025-09-16,3145.699951171875,4312.703323837795
2025-09-17,3172.800048828125,4314.274476373271
2025-09-18,3176.699951171875,4315.845628908746
2025-09-19,3169.199951171875,4317.416781444222
2025-09-22,3073.800048828125,4318.987933979697
2025-09-23,3062.39990234375,4320.559086515173
2025-09-24,3035.39990234375,4322.130239050648
2025-09-25,2957.39990234375,4323.7013915861235
2025-09-26,2899.10009765625,4325.272544121599
2025-09-29,2896.10009765625,4326.843696657074
2025-09-30,2888.39990234375,4328.41484919255
2025-10-01,2914.199951171875,4329.986001728025
2025-10-03,2901.89990234375,4331.557154263501
2025-10-06,2988.39990234375,4333.128306798976
2025-10-07,2973.699951171875,4334.699459334452
2025-10-08,3027.199951171875,4336.270611869927
2025-10-09,3061.699951171875,4337.8417644054025
2025-10-10,3028.300048828125,4339.412916940878
2025-10-13,3007.199951171875,4340.984069476353
2025-10-14,2960.300048828125,4342.555222011829
2025-10-15,2969.800048828125,4344.126374547304
2025-10-16,2970.699951171875,4345.69752708278
2025-10-17,2962.199951171875,4347.268679618255
2025-10-20,3015.199951171875,4348.839832153731
2025-10-21,3006.699951171875,4350.410984689206
2025-10-23,3073.199951171875,4351.9821372246815
2025-10-24,3063.199951171875,4353.553289760157
2025-10-27,3084.89990234375,4355.124442295632
2025-10-28,3057.89990234375,4356.695594831108
2025-10-29,3057.60009765625,4358.266747366583
2025-10-30,3035.300048828125,4359.837899902059
2025-10-31,3058.0,4361.409052437534
2025-11-03,3016.800048828125,4362.98020497301
2025-11-04,2990.199951171875,4364.551357508485
2025-11-06,3010.89990234375,4366.122510043961
2025-11-07,2991.800048828125,4367.693662579436
2025-11-10,3025.199951171875,4369.2648151149115
2025-11-11,3047.0,4370.835967650387
2025-11-12,3131.800048828125,4372.407120185862
2025-11-13,3105.699951171875,4373.978272721338
2025-11-14,3106.0,4375.549425256813
2025-11-17,3102.199951171875,4377.120577792289
2025-11-18,3087.10009765625,4378.691730327764
2025-11-19,3147.699951171875,4380.26288286324
2025-11-20,3144.800048828125,4381.834035398715
2025-11-21,3150.60009765625,4383.4051879341905
2025-11-24,3141.199951171875,4384.976340469666
2025-11-25,3119.199951171875,4386.547493005141
2025-11-26,3162.89990234375,4388.118645540617
2025-11-27,3136.60009765625,4389.689798076092
2025-11-28,3137.5,4391.260950611568
2025-12-01,3133.39990234375,4392.832103147043
2025-12-02,3135.699951171875,4394.403255682519
2025-12-03,3180.0,4395.974408217994
2025-12-04,3229.199951171875,4397.5455607534695
2025-12-05,3238.199951171875,4399.116713288945
2025-12-08,3236.5,4400.68786582442
2025-12-09,3208.300048828125,4402.259018359896
2025-12-10,3189.199951171875,4403.830170895371
2025-12-11,3191.89990234375,4405.401323430847
2025-12-12,3220.5,4406.972475966322
2025-12-15,3230.199951171875,4408.543628501798
2025-12-16,3205.10009765625,4410.114781037273
2025-12-17,3217.800048828125,4411.685933572749
2025-12-18,3280.800048828125,4413.257086108224
2025-12-19,3282.0,4414.8282386436995
2025-12-22,3324.89990234375,4416.399391179175
2025-12-23,3310.0,4417.97054371465
2025-12-24,3319.0,4419.541696250126
2025-12-26,3280.0,4421.112848785601
2025-12-29,3251.5,4422.684001321077
2025-12-30,3246.800048828125,4424.255153856552
